<?xml version="1.0" encoding="UTF-8"?>
<!--
~ Copyright 2005-2014 WSO2, Inc. (http://wso2.com)
~
~ Licensed under the Apache License, Version 2.0 (the "License");
~ you may not use this file except in compliance with the License.
~ You may obtain a copy of the License at
~
~ http://www.apache.org/licenses/LICENSE-2.0
~
~ Unless required by applicable law or agreed to in writing, software
~ distributed under the License is distributed on an "AS IS" BASIS,
~ WITHOUT WARRANTIES OR CONDITIONS OF ANY KIND, either express or implied.
~ See the License for the specific language governing permissions and
~ limitations under the License.
-->
<component name="bitly_user" type="synapse/template">
    <subComponents>

        <component name="getOauthApp">
            <file>getOauthApp.xml</file>
            <description>Return information about an OAuth app</description>
        </component>

        <component name="getUserInfo">
            <file>getUserInfo.xml</file>
            <description>Return or update information about a user</description>
        </component>

        <component name="getUserLinkHistory">
            <file>getUserLinkHistory.xml</file>
            <description>Returns entries from a user's link history in reverse chronological order</description>
        </component>

        <component name="getUserNetworkHistory">
            <file>getUserNetworkHistory.xml</file>
            <description>Returns entries from a user's network history in reverse chronogical order</description>
        </component>

        <component name="getTrackingDomainList">
            <file>getTrackingDomainList.xml</file>
            <description>Returns a list of tracking domains a user has configured</description>
        </component>

    </subComponents>
</component>