<!--
~ Copyright 2005-2014 WSO2, Inc. (http://wso2.com)
~
~ Licensed under the Apache License, Version 2.0 (the "License");
~ you may not use this file except in compliance with the License.
~ You may obtain a copy of the License at
~
~ http://www.apache.org/licenses/LICENSE-2.0
~
~ Unless required by applicable law or agreed to in writing, software
~ distributed under the License is distributed on an "AS IS" BASIS,
~ WITHOUT WARRANTIES OR CONDITIONS OF ANY KIND, either express or implied.
~ See the License for the specific language governing permissions and
~ limitations under the License.
-->
<template xmlns="http://ws.apache.org/ns/synapse" name="getUserLinkHistory">

    <parameter name="linkForGetHistory"
               description="optional the bitly link to return metadata for " />

    <parameter name="limitForGetLink"
               description="optional integer in the range 1 to 100 default " />

    <parameter name="isPrivateLinks"
               description="optional on, off and both whether to include or exclude private history entries " />

    <parameter name="userForGetHistory"
               description="optional the user for whom to retrieve history entries " />

    <parameter name="queryForGetHistory"
               description="optional ad hoc text search string " />

    <sequence>

        <property name="uri.var.linkForGetHistory" expression="$func:linkForGetHistory" />
        <property name="uri.var.limitForGetLink" expression="$func:limitForGetLink" />
        <property name="uri.var.isPrivateLinks" expression="$func:isPrivateLinks" />
        <property name="uri.var.userForGetHistory" expression="$func:userForGetHistory" />
        <property name="uri.var.queryForGetHistory" expression="$func:queryForGetHistory" />

        <filter
                xpath="(not(get-property('uri.var.queryForGetHistory'))) = '' or (not(string(get-property('uri.var.queryForGetHistory'))))">
            <then>
                <property name="uri.var.apiParameters"
                          expression="fn:concat(get-property('uri.var.apiParameters'),'&amp;query=',get-property('uri.var.queryForGetHistory'))" />
            </then>

        </filter>
        <filter
                xpath="(not(get-property('uri.var.userForGetHistory'))) = '' or (not(string(get-property('uri.var.userForGetHistory'))))">
            <then>
                <property name="uri.var.apiParameters"
                          expression="fn:concat(get-property('uri.var.apiParameters'),'&amp;user=',get-property('uri.var.userForGetHistory'))" />
            </then>

        </filter>
        <filter
                xpath="(not(get-property('uri.var.isPrivateLinks'))) = '' or (not(string(get-property('uri.var.isPrivateLinks'))))">
            <then>
                <property name="uri.var.apiParameters"
                          expression="fn:concat(get-property('uri.var.apiParameters'),'&amp;private=',get-property('uri.var.isPrivateLinks'))" />
            </then>

        </filter>
        <filter
                xpath="(not(get-property('uri.var.limitForGetLink'))) = '' or (not(string(get-property('uri.var.limitForGetLink'))))">
            <then>
                <property name="uri.var.apiParameters"
                          expression="fn:concat(get-property('uri.var.apiParameters'),'&amp;limit=',get-property('uri.var.limitForGetLink'))" />
            </then>

        </filter>
        <filter
                xpath="(not(get-property('uri.var.linkForGetHistory'))) = '' or (not(string(get-property('uri.var.linkForGetHistory'))))">
            <then>
                <property name="uri.var.apiParameters"
                          expression="fn:concat(get-property('uri.var.apiParameters'),'&amp;link=',get-property('uri.var.linkForGetHistory'))" />
            </then>

        </filter>

        <property name="Accept-Encoding" action="remove" scope="transport" />
        <payloadFactory media-type="xml">
            <format>
                <soapenv:Envelope xmlns:soapenv="http://schemas.xmlsoap.org/soap/envelope/">
                    <soapenv:Header/>
                    <soapenv:Body >

                    </soapenv:Body>
                </soapenv:Envelope>
            </format>
            <args/>

        </payloadFactory>

        <call>
            <endpoint>
                <http method="get"
                      uri-template="https://api-ssl.bitly.com/v3/user/link_history?access_token={uri.var.bitly.accessToken}&amp;{uri.var.apiParameters}" />
            </endpoint>

        </call>
        <property name="messageType" value="application/json" scope="axis2" />
    </sequence>
</template>
