<?xml version="1.0" encoding="UTF-8"?>
<!--
~ Copyright 2005-2014 WSO2, Inc. (http://wso2.com)
~
~ Licensed under the Apache License, Version 2.0 (the "License");
~ you may not use this file except in compliance with the License.
~ You may obtain a copy of the License at
~
~ http://www.apache.org/licenses/LICENSE-2.0
~
~ Unless required by applicable law or agreed to in writing, software
~ distributed under the License is distributed on an "AS IS" BASIS,
~ WITHOUT WARRANTIES OR CONDITIONS OF ANY KIND, either express or implied.
~ See the License for the specific language governing permissions and
~ limitations under the License.
-->
<connector>
    <component name="bitly" package="org.wso2.carbon.connector">
        <dependency component="bitly_config" />
        <dependency component="bitly_data" />
        <dependency component="bitly_links" />
        <dependency component="bitly_link_metrics" />
        <dependency component="bitly_user" />
        <dependency component="bitly_bundle" />
        <dependency component="bitly_user_metrics" />
        <dependency component="bitly_domain" />
        <description>Bitly v3 cloud connector</description>
    </component>

</connector>