<?xml version="1.0" encoding="UTF-8"?>
<!--
~ Copyright 2005-2014 WSO2, Inc. (http://wso2.com)
~
~ Licensed under the Apache License, Version 2.0 (the "License");
~ you may not use this file except in compliance with the License.
~ You may obtain a copy of the License at
~
~ http://www.apache.org/licenses/LICENSE-2.0
~
~ Unless required by applicable law or agreed to in writing, software
~ distributed under the License is distributed on an "AS IS" BASIS,
~ WITHOUT WARRANTIES OR CONDITIONS OF ANY KIND, either express or implied.
~ See the License for the specific language governing permissions and
~ limitations under the License.
-->
<component name="bitly_domain" type="synapse/template">
    <subComponents>
        <component name="getProDomain">
            <file>getProDomain.xml</file>
            <description>Query whether a given domain is a valid bitly pro domain.</description>
        </component>

        <component name="getTrackingDomainClicks">
            <file>getTrackingDomainClicks.xml</file>
            <description>Returns the number of clicks on bitly links pointing to the specified tracking domain.</description>
        </component>

        <component name="getTrackingDomainShortenCounts">
            <file>getTrackingDomainShortenCounts.xml</file>
            <description>Returns the number of links, pointing to a specified tracking domain, shortened in a given time period by all bitly users.</description>
        </component>

    </subComponents>
</component>