<?xml version="1.0" encoding="UTF-8"?>
<!--
~ Copyright 2005-2014 WSO2, Inc. (http://wso2.com)
~
~ Licensed under the Apache License, Version 2.0 (the "License");
~ you may not use this file except in compliance with the License.
~ You may obtain a copy of the License at
~
~ http://www.apache.org/licenses/LICENSE-2.0
~
~ Unless required by applicable law or agreed to in writing, software
~ distributed under the License is distributed on an "AS IS" BASIS,
~ WITHOUT WARRANTIES OR CONDITIONS OF ANY KIND, either express or implied.
~ See the License for the specific language governing permissions and
~ limitations under the License.
-->
<component name="bitly_user_metrics" type="synapse/template">
    <subComponents>
        <component name="getUserClicks">
            <file>getUserClicks.xml</file>
            <description>Returns the number of clicks on all of the authenticated user's bitly links.</description>
        </component>

        <component name="getCountries">
            <file>getCountries.xml</file>
            <description>Returns metrics about the countries referring click traffic to all of the authenticated user's bitly links.</description>
        </component>

        <component name="getReferrers">
            <file>getReferrers.xml</file>
            <description>Returns metrics about the pages referring click traffic to all of the authenticated user's bitly links.</description>
        </component>

        <component name="getReferringDomains">
            <file>getReferringDomains.xml</file>
            <description>Returns metrics about the domains referring click traffic to all of the authenticated user's bitly links.</description>
        </component>

        <component name="getShareCounts">
            <file>getShareCounts.xml</file>
            <description>Returns the number of shares by the authenticated user in a given time period.</description>
        </component>

        <component name="getPopularLinks">
            <file>getPopularLinks.xml</file>
            <description>Returns the authenticated user's most-clicked bitly links in a given time period.</description>
        </component>


    </subComponents>
</component>