<!--
~ Copyright 2005-2014 WSO2, Inc. (http://wso2.com)
~
~ Licensed under the Apache License, Version 2.0 (the "License");
~ you may not use this file except in compliance with the License.
~ You may obtain a copy of the License at
~
~ http://www.apache.org/licenses/LICENSE-2.0
~
~ Unless required by applicable law or agreed to in writing, software
~ distributed under the License is distributed on an "AS IS" BASIS,
~ WITHOUT WARRANTIES OR CONDITIONS OF ANY KIND, either express or implied.
~ See the License for the specific language governing permissions and
~ limitations under the License.
-->
<template xmlns="http://ws.apache.org/ns/synapse" name="getPopularLinks">

    <parameter name="limitForGetPopular"
               description="optional integer in the range of 1 to 1000 that specifies the number of records to return " />

    <sequence>

        <property name="uri.var.limitForGetPopular" expression="$func:limitForGetPopular" />

        <filter
                xpath="(not(get-property('uri.var.limitForGetPopular'))) = '' or (not(string(get-property('uri.var.limitForGetPopular'))))">
            <then>
                <property name="uri.var.apiParameters"
                          expression="fn:concat(get-property('uri.var.apiParameters'),'&amp;limit=',get-property('uri.var.limitForGetPopular'))" />
            </then>

        </filter>

        <property name="Accept-Encoding" action="remove" scope="transport" />
        <payloadFactory media-type="xml">
            <format>
                <soapenv:Envelope xmlns:soapenv="http://schemas.xmlsoap.org/soap/envelope/">
                    <soapenv:Header/>
                    <soapenv:Body >

                    </soapenv:Body>
                </soapenv:Envelope>
            </format>
            <args/>

        </payloadFactory>

        <call>
            <endpoint>
                <http method="GET"
                      uri-template="https://api-ssl.bitly.com/v3/user/popular_links?access_token={uri.var.bitly.accessToken}&amp;{uri.var.apiParameters}" />
            </endpoint>

        </call>
        <property name="messageType" value="application/json" scope="axis2" />
    </sequence>
</template>
