<?xml version="1.0" encoding="UTF-8"?>
<!--
~ Copyright 2005-2014 WSO2, Inc. (http://wso2.com)
~
~ Licensed under the Apache License, Version 2.0 (the "License");
~ you may not use this file except in compliance with the License.
~ You may obtain a copy of the License at
~
~ http://www.apache.org/licenses/LICENSE-2.0
~
~ Unless required by applicable law or agreed to in writing, software
~ distributed under the License is distributed on an "AS IS" BASIS,
~ WITHOUT WARRANTIES OR CONDITIONS OF ANY KIND, either express or implied.
~ See the License for the specific language governing permissions and
~ limitations under the License.
-->
<component name="bitly_link_metrics" type="synapse/template">
    <subComponents>
        <component name="getLinkClicks">
            <file>getLinkClicks.xml</file>
            <description>Returns the number of clicks on a single bitly link</description>
        </component>

        <component name="getLinkCountries">
            <file>getLinkCountries.xml</file>
            <description>Returns metrics about the countries referring click traffic to a single bitly link</description>
        </component>

        <component name="getLinkReferringDomains">
            <file>getLinkReferringDomains.xml</file>
            <description>Returns metrics about the domains referring click traffic to a single bitly link</description>
        </component>

        <component name="getLinkShares">
            <file>getLinkShares.xml</file>
            <description>Returns metrics about a shares of a single link</description>
        </component>

    </subComponents>
</component>