<?xml version="1.0" encoding="UTF-8"?>
<!--
~ Copyright 2005-2014 WSO2, Inc. (http://wso2.com)
~
~ Licensed under the Apache License, Version 2.0 (the "License");
~ you may not use this file except in compliance with the License.
~ You may obtain a copy of the License at
~
~ http://www.apache.org/licenses/LICENSE-2.0
~
~ Unless required by applicable law or agreed to in writing, software
~ distributed under the License is distributed on an "AS IS" BASIS,
~ WITHOUT WARRANTIES OR CONDITIONS OF ANY KIND, either express or implied.
~ See the License for the specific language governing permissions and
~ limitations under the License.
-->
<component name="bitly_links" type="synapse/template">
    <subComponents>
        <component name="getExpand">
            <file>getExpand.xml</file>
            <description>Given a bitly URL or hash (or multiple), returns the target (long) URL</description>
        </component>

        <component name="getInfo">
            <file>getInfo.xml</file>
            <description>This is used to return the page title for a given bitly link</description>
        </component>

        <component name="getLookup">
            <file>getLookup.xml</file>
            <description>This is used to query for a bitly link based on a long URL</description>
        </component>

        <component name="getShorten">
            <file>getShorten.xml</file>
            <description>Given a long URL, returns a bitly short URL</description>
        </component>

        <component name="getLinkSave">
            <file>getLinkSave.xml</file>
            <description>Saves a link as a bitmark in a user's history, with optional pre-set metadata</description>
        </component>

    </subComponents>
</component>