<!--
~ Copyright 2005-2014 WSO2, Inc. (http://wso2.com)
~
~ Licensed under the Apache License, Version 2.0 (the "License");
~ you may not use this file except in compliance with the License.
~ You may obtain a copy of the License at
~
~ http://www.apache.org/licenses/LICENSE-2.0
~
~ Unless required by applicable law or agreed to in writing, software
~ distributed under the License is distributed on an "AS IS" BASIS,
~ WITHOUT WARRANTIES OR CONDITIONS OF ANY KIND, either express or implied.
~ See the License for the specific language governing permissions and
~ limitations under the License.
-->
<template xmlns="http://ws.apache.org/ns/synapse" name="getLinkSave">

    <parameter name="longtUrlforLinkSave"
               description="the URL to be saved as a bitmark " />

    <parameter name="titleforLink"
               description="optional the title of this bitmark " />

    <parameter name="noteforLink"
               description="optional a description of, or note about, this bitmark " />

    <parameter name="privateLink"
               description="optional boolean true or false indicating privacy setting " />

    <sequence>
        <property name="uri.var.longtUrlforLinkSave" expression="$func:longtUrlforLinkSave" />

        <filter
                xpath="(not(get-property('uri.var.titleforLink'))) = '' or (not(string(get-property('uri.var.titleforLink'))))">
            <then>
                <property name="uri.var.apiParameters"
                          expression="fn:concat(get-property('uri.var.apiParameters'),'&amp;title=',get-property('uri.var.titleforLink'))" />
            </then>

        </filter>
        <filter
                xpath="(not(get-property('uri.var.noteforLink'))) = '' or (not(string(get-property('uri.var.noteforLink'))))">
            <then>
                <property name="uri.var.apiParameters"
                          expression="fn:concat(get-property('uri.var.apiParameters'),'&amp;note=',get-property('uri.var.noteforLink'))" />
            </then>

        </filter>
        <filter
                xpath="(not(get-property('uri.var.privateLink'))) = '' or (not(string(get-property('uri.var.privateLink'))))">
            <then>
                <property name="uri.var.apiParameters"
                          expression="fn:concat(get-property('uri.var.apiParameters'),'&amp;private=',get-property('uri.var.privateLink'))" />
            </then>

        </filter>

        <property name="Accept-Encoding" action="remove" scope="transport" />
        <payloadFactory media-type="xml">
            <format>
                <soapenv:Envelope xmlns:soapenv="http://schemas.xmlsoap.org/soap/envelope/">
                    <soapenv:Header/>
                    <soapenv:Body >

                    </soapenv:Body>
                </soapenv:Envelope>
            </format>
            <args/>

        </payloadFactory>

        <call>
            <endpoint>
                <http method="get"
                      uri-template="https://api-ssl.bitly.com/v3/user/link_save?access_token={uri.var.bitly.accessToken}&amp;longUrl={uri.var.longtUrlforLinkSave}&amp;{uri.var.apiParameters}" />
            </endpoint>

        </call>
        <property name="messageType" value="application/json" scope="axis2" />
    </sequence>
</template>
