<!--
~ Copyright 2005-2014 WSO2, Inc. (http://wso2.com)
~
~ Licensed under the Apache License, Version 2.0 (the "License");
~ you may not use this file except in compliance with the License.
~ You may obtain a copy of the License at
~
~ http://www.apache.org/licenses/LICENSE-2.0
~
~ Unless required by applicable law or agreed to in writing, software
~ distributed under the License is distributed on an "AS IS" BASIS,
~ WITHOUT WARRANTIES OR CONDITIONS OF ANY KIND, either express or implied.
~ See the License for the specific language governing permissions and
~ limitations under the License.
-->
<template xmlns="http://ws.apache.org/ns/synapse" name="getShorten">

    <parameter name="longtUrlforShorten"
               description="a long URL to be shortened " />

    <parameter name="bitlyShortDomain"
               description="optional the short domain to use; either bit.ly, j.mp, or bitly.com or a custom short domain"/>

    <sequence>
        <property name="uri.var.longtUrlforShorten" expression="$func:longtUrlforShorten" />
        <property name="uri.var.bitlyShortDomain" expression="$func:bitlyShortDomain"/>

        <filter xpath="(not(get-property('uri.var.bitlyShortDomain'))) = '' or (not(string(get-property('uri.var.bitlyShortDomain'))))">

            <then>

                <property name="uri.var.apiParameters" expression="fn:concat(get-property('uri.var.apiParameters'),'&amp;domain=',get-property('uri.var.bitlyShortDomain'))" />
            </then>

        </filter>

        <property name="Accept-Encoding" action="remove" scope="transport" />
        <payloadFactory media-type="xml">
            <format>
                <soapenv:Envelope xmlns:soapenv="http://schemas.xmlsoap.org/soap/envelope/">
                    <soapenv:Header/>
                    <soapenv:Body />

                </soapenv:Envelope>
            </format>
            <args/>

        </payloadFactory>

        <call>
            <endpoint>
                <http method="get"
                      uri-template="https://api-ssl.bitly.com/v3/shorten?access_token={uri.var.bitly.accessToken}&amp;longUrl={uri.var.longtUrlforShorten}&amp;{uri.var.apiParameters}" />
            </endpoint>

        </call>
        <property name="messageType" value="application/json" scope="axis2" />
    </sequence>
</template>
