<!--
~ Copyright 2005-2014 WSO2, Inc. (http://wso2.com)
~
~ Licensed under the Apache License, Version 2.0 (the "License");
~ you may not use this file except in compliance with the License.
~ You may obtain a copy of the License at
~
~ http://www.apache.org/licenses/LICENSE-2.0
~
~ Unless required by applicable law or agreed to in writing, software
~ distributed under the License is distributed on an "AS IS" BASIS,
~ WITHOUT WARRANTIES OR CONDITIONS OF ANY KIND, either express or implied.
~ See the License for the specific language governing permissions and
~ limitations under the License.
-->
<template xmlns="http://ws.apache.org/ns/synapse" name="editBundle">

    <parameter name="editBundleLink"
               description="the URL corresponding to the bundle to be returned "/>


    <parameter name="newBundleTitle"
               description="optional-the title of the bundle to be created "/>


    <parameter name="editDescription"
               description="optional-the description of the bundle"/>

    <parameter name="private"
               description="optional-a value true or false designating the privacy setting of the bundle"/>


    <sequence>
        <property name="uri.var.newBundleTitle" expression="$func:newBundleTitle"/>
        <property name="uri.var.editBundleLink" expression="$func:editBundleLink"/>
        <property name="uri.var.editDescription" expression="$func:editDescription"/>
        <property name="uri.var.private" expression="$func:private"/>


        <filter
                xpath="(not(get-property('uri.var.editDescription'))) = '' or (not(string(get-property('uri.var.editDescription'))))">
            <then>
                <property name="uri.var.apiParameters"
                          expression="fn:concat(get-property('uri.var.apiParameters'),'&amp;description=',get-property('uri.var.editDescription'))"/>
            </then>

        </filter>


        <filter
                xpath="(not(get-property('uri.var.private'))) = '' or (not(string(get-property('uri.var.private'))))">
            <then>
                <property name="uri.var.apiParameters"
                          expression="fn:concat(get-property('uri.var.apiParameters'),'&amp;private=',get-property('uri.var.private'))"/>
            </then>

        </filter>


        <property name="Accept-Encoding" action="remove" scope="transport"/>
        <payloadFactory media-type="xml">
            <format>
                <soapenv:Envelope xmlns:soapenv="http://schemas.xmlsoap.org/soap/envelope/">
                    <soapenv:Header/>
                    <soapenv:Body>

                    </soapenv:Body>
                </soapenv:Envelope>
            </format>
            <args/>

        </payloadFactory>

        <call>
            <endpoint>
                <http method="get"
                      uri-template="https://api-ssl.bitly.com/v3/bundle/edit?access_token={uri.var.bitly.accessToken}&amp;title={uri.var.newBundleTitle}&amp;bundle_link={uri.var.editBundleLink}&amp;{uri.var.apiParameters}"/>
            </endpoint>

        </call>
        <property name="messageType" value="application/json" scope="axis2"/>
    </sequence>
</template>

