<!--
~ Copyright 2005-2014 WSO2, Inc. (http://wso2.com)
~
~ Licensed under the Apache License, Version 2.0 (the "License");
~ you may not use this file except in compliance with the License.
~ You may obtain a copy of the License at
~
~ http://www.apache.org/licenses/LICENSE-2.0
~
~ Unless required by applicable law or agreed to in writing, software
~ distributed under the License is distributed on an "AS IS" BASIS,
~ WITHOUT WARRANTIES OR CONDITIONS OF ANY KIND, either express or implied.
~ See the License for the specific language governing permissions and
~ limitations under the License.
-->
<template xmlns="http://ws.apache.org/ns/synapse" name="getBundleContents">

    <parameter name="bundleLink"
               description="the URL corresponding to the bundle to be returned " />

    <parameter name="expand_user"
               description="optional true or false - include extra user info in response." />

    <sequence>
        <property name="uri.var.bundleLink" expression="$func:bundleLink"/>
        <property name="uri.var.expand_user" expression="$func:expand_user"/>

        <filter
                xpath="(not(get-property('uri.var.expand_user'))) = '' or ((string(get-property('uri.var.expand_user'))))">
            <then>
                <property name="uri.var.apiParameters"
                          expression="fn:concat(get-property('uri.var.apiParameters'),'&amp;expand_user=',get-property('uri.var.expand_user'))" />
            </then>

        </filter>


        <property name="Accept-Encoding" action="remove" scope="transport" />
        <payloadFactory media-type="xml">
            <format>
                <soapenv:Envelope xmlns:soapenv="http://schemas.xmlsoap.org/soap/envelope/">
                    <soapenv:Header/>
                    <soapenv:Body >

                    </soapenv:Body>
                </soapenv:Envelope>
            </format>
            <args/>

        </payloadFactory>

        <call>
            <endpoint>
                <http method="get"
                      uri-template="https://api-ssl.bitly.com/v3/bundle/contents?access_token={uri.var.bitly.accessToken}&amp;bundle_link={uri.var.bundleLink}&amp;{uri.var.apiParameters}" />
            </endpoint>

        </call>
        <property name="messageType" value="application/json" scope="axis2" />
    </sequence>
</template>

